{
    "name": "root",
    "gauges": {
        "MyAgent.Policy.Entropy.mean": {
            "value": 1.2472596168518066,
            "min": 1.2470288276672363,
            "max": 1.2518924474716187,
            "count": 250
        },
        "MyAgent.Policy.Entropy.sum": {
            "value": 12440.1669921875,
            "min": 8501.4306640625,
            "max": 12567.662109375,
            "count": 250
        },
        "MyAgent.AngleStability.mean": {
            "value": 0.8691791281690511,
            "min": 0.8550436893103117,
            "max": 0.8858313498863142,
            "count": 250
        },
        "MyAgent.AngleStability.sum": {
            "value": 8613.565160155296,
            "min": 5906.713703632355,
            "max": 8826.902447223663,
            "count": 250
        },
        "MyAgent.GroundCollision.mean": {
            "value": 0.0,
            "min": 0.0,
            "max": 0.06344896933132227,
            "count": 250
        },
        "MyAgent.GroundCollision.sum": {
            "value": 0.0,
            "min": 0.0,
            "max": 631.0,
            "count": 250
        },
        "MyAgent.Reward.mean": {
            "value": 19.629294864806077,
            "min": 15.98944958288936,
            "max": 23.739115604581848,
            "count": 250
        },
        "MyAgent.Reward.sum": {
            "value": 194526.31211022823,
            "min": 143816.07283795485,
            "max": 236512.80876844894,
            "count": 250
        },
        "MyAgent.TargetsFound.mean": {
            "value": 1.45528292438658,
            "min": 1.160485234165258,
            "max": 1.71661010181673,
            "count": 250
        },
        "MyAgent.TargetsFound.sum": {
            "value": 14531.0,
            "min": 10516.0,
            "max": 17197.0,
            "count": 250
        },
        "MyAgent.Step.mean": {
            "value": 9999963.0,
            "min": 7509981.0,
            "max": 9999963.0,
            "count": 250
        },
        "MyAgent.Step.sum": {
            "value": 9999963.0,
            "min": 7509981.0,
            "max": 9999963.0,
            "count": 250
        },
        "MyAgent.Policy.ExtrinsicValueEstimate.mean": {
            "value": 9.270356178283691,
            "min": 5.6144914627075195,
            "max": 10.306023597717285,
            "count": 250
        },
        "MyAgent.Policy.ExtrinsicValueEstimate.sum": {
            "value": 1770.637939453125,
            "min": 1025.94091796875,
            "max": 1989.0625,
            "count": 250
        },
        "MyAgent.Environment.EpisodeLength.mean": {
            "value": 131.98666666666668,
            "min": 118.02380952380952,
            "max": 153.90625,
            "count": 250
        },
        "MyAgent.Environment.EpisodeLength.sum": {
            "value": 9899.0,
            "min": 6675.0,
            "max": 10169.0,
            "count": 250
        },
        "MyAgent.EpisodeLength.mean": {
            "value": 132.98666666666668,
            "min": 119.02380952380952,
            "max": 154.90625,
            "count": 250
        },
        "MyAgent.EpisodeLength.sum": {
            "value": 9974.0,
            "min": 6727.0,
            "max": 10240.0,
            "count": 250
        },
        "MyAgent.PathEfficiency.mean": {
            "value": 1.2289516441027324,
            "min": 1.0683812294433366,
            "max": 1511.8293060617227,
            "count": 250
        },
        "MyAgent.PathEfficiency.sum": {
            "value": 92.17137330770493,
            "min": 71.58154237270355,
            "max": 114899.02726069093,
            "count": 250
        },
        "MyAgent.Environment.CumulativeReward.mean": {
            "value": 35.23702345183119,
            "min": 24.38091486219216,
            "max": 39.13716724595159,
            "count": 250
        },
        "MyAgent.Environment.CumulativeReward.sum": {
            "value": 2642.7767588873394,
            "min": 1741.3506013602018,
            "max": 3009.200078004971,
            "count": 250
        },
        "MyAgent.Policy.ExtrinsicReward.mean": {
            "value": 35.23702345183119,
            "min": 24.38091486219216,
            "max": 39.13716724595159,
            "count": 250
        },
        "MyAgent.Policy.ExtrinsicReward.sum": {
            "value": 2642.7767588873394,
            "min": 1741.3506013602018,
            "max": 3009.200078004971,
            "count": 250
        },
        "MyAgent.Efficiency.mean": {
            "value": 0.8330614964167277,
            "min": 0.4106694161891937,
            "max": 1.0630149841308594,
            "count": 242
        },
        "MyAgent.Efficiency.sum": {
            "value": 2.499184489250183,
            "min": 0.4106694161891937,
            "max": 7.5682757794857025,
            "count": 242
        },
        "MyAgent.Losses.PolicyLoss.mean": {
            "value": 0.03497990408070311,
            "min": 0.022747301356503158,
            "max": 0.044286722653244695,
            "count": 250
        },
        "MyAgent.Losses.PolicyLoss.sum": {
            "value": 0.10493971224210932,
            "min": 0.025616569590056315,
            "max": 0.12420222341703872,
            "count": 250
        },
        "MyAgent.Losses.ValueLoss.mean": {
            "value": 25.609748986032272,
            "min": 11.645761867364246,
            "max": 36.59237464269002,
            "count": 250
        },
        "MyAgent.Losses.ValueLoss.sum": {
            "value": 76.82924695809682,
            "min": 23.291523734728493,
            "max": 96.68025128046672,
            "count": 250
        },
        "MyAgent.Policy.LearningRate.mean": {
            "value": 5.1846614920000306e-08,
            "min": 5.1846614920000306e-08,
            "max": 2.4926355073720004e-05,
            "count": 250
        },
        "MyAgent.Policy.LearningRate.sum": {
            "value": 1.555398447600009e-07,
            "min": 1.555398447600009e-07,
            "max": 7.453171546851001e-05,
            "count": 250
        },
        "MyAgent.Policy.Epsilon.mean": {
            "value": 0.10002587333333333,
            "min": 0.10002587333333333,
            "max": 0.11246314,
            "count": 250
        },
        "MyAgent.Policy.Epsilon.sum": {
            "value": 0.30007762,
            "min": 0.11246314,
            "max": 0.337265745,
            "count": 250
        },
        "MyAgent.Policy.Beta.mean": {
            "value": 1.0046572000000001e-05,
            "min": 1.0046572000000001e-05,
            "max": 3.2433652e-05,
            "count": 250
        },
        "MyAgent.Policy.Beta.sum": {
            "value": 3.0139716000000003e-05,
            "min": 2.0278370000000004e-05,
            "max": 9.7078341e-05,
            "count": 250
        },
        "MyAgent.IsTraining.mean": {
            "value": 1.0,
            "min": 1.0,
            "max": 1.0,
            "count": 250
        },
        "MyAgent.IsTraining.sum": {
            "value": 1.0,
            "min": 1.0,
            "max": 1.0,
            "count": 250
        }
    },
    "metadata": {
        "timer_format_version": "0.1.0",
        "start_time_seconds": "1771507276",
        "python_version": "3.8.0 (tags/v3.8.0:fa919fd, Oct 14 2019, 19:37:50) [MSC v.1916 64 bit (AMD64)]",
        "command_line_arguments": "G:\\unity_files\\Unity_ML_Agent\\venv\\Scripts\\mlagents-learn config\\config.yaml --run-id=drone6.1 --env=G:\\unity_files\\thesis-1\\build\\thesis-1.exe --no-graphics --train --resume",
        "mlagents_version": "0.29.0",
        "mlagents_envs_version": "0.29.0",
        "communication_protocol_version": "1.5.0",
        "pytorch_version": "1.13.1+cpu",