{
    "name": "root",
    "gauges": {
        "DroneAgent.Policy.Entropy.mean": {
            "value": 1.3312585353851318,
            "min": 1.3312585353851318,
            "max": 1.3312585353851318,
            "count": 1
        },
        "DroneAgent.Policy.Entropy.sum": {
            "value": 4998.8759765625,
            "min": 4998.8759765625,
            "max": 4998.8759765625,
            "count": 1
        },
        "DroneAgent.Environment.LessonNumber.target_distance.mean": {
            "value": 1.0,
            "min": 1.0,
            "max": 1.0,
            "count": 1
        },
        "DroneAgent.Environment.LessonNumber.target_distance.sum": {
            "value": 1.0,
            "min": 1.0,
            "max": 1.0,
            "count": 1
        },
        "DroneAgent.Environment.LessonNumber.obstacle_count.mean": {
            "value": 2.0,
            "min": 2.0,
            "max": 2.0,
            "count": 1
        },
        "DroneAgent.Environment.LessonNumber.obstacle_count.sum": {
            "value": 2.0,
            "min": 2.0,
            "max": 2.0,
            "count": 1
        },
        "DroneAgent.AngleStability.mean": {
            "value": 0.9909452872538785,
            "min": 0.9909452872538785,
            "max": 0.9909452872538785,
            "count": 1
        },
        "DroneAgent.AngleStability.sum": {
            "value": 756.0912541747093,
            "min": 756.0912541747093,
            "max": 756.0912541747093,
            "count": 1
        },
        "DroneAgent.ExploredCells.mean": {
            "value": 2.251638269986894,
            "min": 2.251638269986894,
            "max": 2.251638269986894,
            "count": 1
        },
        "DroneAgent.ExploredCells.sum": {
            "value": 1718.0,
            "min": 1718.0,
            "max": 1718.0,
            "count": 1
        },
        "DroneAgent.ClosestEver.mean": {
            "value": 4.7013610717041,
            "min": 4.7013610717041,
            "max": 4.7013610717041,
            "count": 1
        },
        "DroneAgent.ClosestEver.sum": {
            "value": 3587.138497710228,
            "min": 3587.138497710228,
            "max": 3587.138497710228,
            "count": 1
        },
        "DroneAgent.BacktrackCount.mean": {
            "value": 0.583224115334207,
            "min": 0.583224115334207,
            "max": 0.583224115334207,
            "count": 1
        },
        "DroneAgent.BacktrackCount.sum": {
            "value": 445.0,
            "min": 445.0,
            "max": 445.0,
            "count": 1
        },
        "DroneAgent.Step.mean": {
            "value": 3949984.0,
            "min": 3949984.0,
            "max": 3949984.0,
            "count": 1
        },
        "DroneAgent.Step.sum": {
            "value": 3949984.0,
            "min": 3949984.0,
            "max": 3949984.0,
            "count": 1
        },
        "DroneAgent.Policy.ExtrinsicValueEstimate.mean": {
            "value": -0.8554689288139343,
            "min": -0.8554689288139343,
            "max": -0.8554689288139343,
            "count": 1
        },
        "DroneAgent.Policy.ExtrinsicValueEstimate.sum": {
            "value": -32.50782012939453,
            "min": -32.50782012939453,
            "max": -32.50782012939453,
            "count": 1
        },
        "DroneAgent.Policy.CuriosityValueEstimate.mean": {
            "value": 3.729235887527466,
            "min": 3.729235887527466,
            "max": 3.729235887527466,
            "count": 1
        },
        "DroneAgent.Policy.CuriosityValueEstimate.sum": {
            "value": 141.71096801757812,
            "min": 141.71096801757812,
            "max": 141.71096801757812,
            "count": 1
        },
        "DroneAgent.Environment.EpisodeLength.mean": {
            "value": 163.86363636363637,
            "min": 163.86363636363637,
            "max": 163.86363636363637,
            "count": 1
        },
        "DroneAgent.Environment.EpisodeLength.sum": {
            "value": 3605.0,
            "min": 3605.0,
            "max": 3605.0,
            "count": 1
        },
        "DroneAgent.Environment.CumulativeReward.mean": {
            "value": 4.8709544155069375,
            "min": 4.8709544155069375,
            "max": 4.8709544155069375,
            "count": 1
        },
        "DroneAgent.Environment.CumulativeReward.sum": {
            "value": 107.16099714115262,
            "min": 107.16099714115262,
            "max": 107.16099714115262,
            "count": 1
        },
        "DroneAgent.Policy.ExtrinsicReward.mean": {
            "value": 4.8709544155069375,
            "min": 4.8709544155069375,
            "max": 4.8709544155069375,
            "count": 1
        },
        "DroneAgent.Policy.ExtrinsicReward.sum": {
            "value": 107.16099714115262,
            "min": 107.16099714115262,
            "max": 107.16099714115262,
            "count": 1
        },
        "DroneAgent.Policy.CuriosityReward.mean": {
            "value": 0.0,
            "min": 0.0,
            "max": 0.0,
            "count": 1
        },
        "DroneAgent.Policy.CuriosityReward.sum": {
            "value": 0.0,
            "min": 0.0,
            "max": 0.0,
            "count": 1
        },
        "DroneAgent.IsTraining.mean": {
            "value": 1.0,
            "min": 1.0,
            "max": 1.0,
            "count": 1
        },
        "DroneAgent.IsTraining.sum": {
            "value": 1.0,
            "min": 1.0,
            "max": 1.0,
            "count": 1
        }
    },
    "metadata": {
        "timer_format_version": "0.1.0",
        "start_time_seconds": "1772188701",
        "python_version": "3.8.0 (tags/v3.8.0:fa919fd, Oct 14 2019, 19:37:50) [MSC v.1916 64 bit (AMD64)]",
        "command_line_arguments": "G:\\unity_files\\Unity_ML_Agent\\venv\\Scripts\\mlagents-learn config2D\\single_occ.yaml --run-id=drone6.3 --train --resume",
        "mlagents_version": "0.29.0",
        "mlagents_envs_version": "0.29.0",
        "communication_protocol_version": "1.5.0",
        "pytorch_version": "1.13.1+cpu",
        "numpy_version": "1.21.2",
        "end_time_seconds": "1772188841"
    },
    "total": 140.2010228,
    "count": 1,
    "self": 0.0485465000000147,
    "children": {
        "run_training.setup": {
            "total": 0.17812720000000049,
            "count": 1,
            "self": 0.17812720000000049
        },
        "TrainerController.start_learning": {
            "total": 139.97434909999998,
            "count": 1,
            "self": 0.3350643999993963,
            "children": {
                "TrainerController._reset_env": {
                    "total": 15.115811500000001,
                    "count": 1,
                    "self": 15.115811500000001
                },
                "TrainerController.advance": {
                    "total": 124.3576722000006,
                    "count": 9267,
                    "self": 0.3471174000012951,
                    "children": {
                        "env_step": {
                            "total": 111.99962929999897,
                            "count": 9267,
                            "self": 98.52626319999999,
                            "children": {
                                "SubprocessEnvManager._take_step": {
                                    "total": 13.335416600000428,
                                    "count": 9268,
                                    "self": 0.6680383000001981,
                                    "children": {
                                        "TorchPolicy.evaluate": {
                                            "total": 12.66737830000023,