{
    "name": "root",
    "gauges": {
        "MyAgent.Policy.Entropy.mean": {
            "value": 1.2224332094192505,
            "min": 1.2224332094192505,
            "max": 1.2231171131134033,
            "count": 4
        },
        "MyAgent.Policy.Entropy.sum": {
            "value": 6110.943359375,
            "min": 3132.40283203125,
            "max": 6124.38134765625,
            "count": 4
        },
        "MyAgent.Environment.EpisodeLength.mean": {
            "value": 10000.0,
            "min": 0.0,
            "max": 10000.0,
            "count": 2
        },
        "MyAgent.Environment.EpisodeLength.sum": {
            "value": 10000.0,
            "min": 0.0,
            "max": 10000.0,
            "count": 2
        },
        "MyAgent.AngleStability.mean": {
            "value": 0.8617907867333392,
            "min": 0.8617607285149205,
            "max": 0.8854683972181032,
            "count": 4
        },
        "MyAgent.AngleStability.sum": {
            "value": 4308.092142879963,
            "min": 2207.221073448658,
            "max": 4434.425733268261,
            "count": 4
        },
        "MyAgent.GroundCollision.mean": {
            "value": 0.09081816363272655,
            "min": 0.0,
            "max": 0.4910143769968051,
            "count": 4
        },
        "MyAgent.GroundCollision.sum": {
            "value": 454.0,
            "min": 0.0,
            "max": 2459.0,
            "count": 4
        },
        "MyAgent.Reward.mean": {
            "value": 49.788864864247415,
            "min": 11.595330973466238,
            "max": 49.788864864247415,
            "count": 4
        },
        "MyAgent.Reward.sum": {
            "value": 248894.53545637283,
            "min": 36354.10835306544,
            "max": 248894.53545637283,
            "count": 4
        },
        "MyAgent.TargetsFound.mean": {
            "value": 3.6553310662132428,
            "min": 0.9988290398126464,
            "max": 3.6553310662132428,
            "count": 4
        },
        "MyAgent.TargetsFound.sum": {
            "value": 18273.0,
            "min": 2559.0,
            "max": 18273.0,
            "count": 4
        },
        "MyAgent.EpisodeLength.mean": {
            "value": 10001.0,
            "min": 1.0,
            "max": 10001.0,
            "count": 2
        },
        "MyAgent.EpisodeLength.sum": {
            "value": 10001.0,
            "min": 1.0,
            "max": 10001.0,
            "count": 2
        },
        "MyAgent.PathEfficiency.mean": {
            "value": 0.2276003211736679,
            "min": 0.2276003211736679,
            "max": 3.1073832511901855,
            "count": 2
        },
        "MyAgent.PathEfficiency.sum": {
            "value": 0.2276003211736679,
            "min": 0.2276003211736679,
            "max": 3.1073832511901855,
            "count": 2
        },
        "MyAgent.Step.mean": {
            "value": 3449941.0,
            "min": 3434948.0,
            "max": 3449941.0,
            "count": 4
        },
        "MyAgent.Step.sum": {
            "value": 3449941.0,
            "min": 3434948.0,
            "max": 3449941.0,
            "count": 4
        },
        "MyAgent.Policy.ExtrinsicValueEstimate.mean": {
            "value": 2.3254313468933105,
            "min": 2.257436990737915,
            "max": 2.5048515796661377,
            "count": 4
        },
        "MyAgent.Policy.ExtrinsicValueEstimate.sum": {
            "value": 181.38365173339844,
            "min": 100.19406127929688,
            "max": 182.02915954589844,
            "count": 4
        },
        "MyAgent.Environment.CumulativeReward.mean": {
            "value": 7.000001821666956,
            "min": -5.000500202178955,
            "max": 7.000001821666956,
            "count": 2
        },
        "MyAgent.Environment.CumulativeReward.sum": {
            "value": 7.000001821666956,
            "min": -5.000500202178955,
            "max": 7.000001821666956,
            "count": 2
        },
        "MyAgent.Policy.ExtrinsicReward.mean": {
            "value": 7.000001821666956,
            "min": -5.000500202178955,
            "max": 7.000001821666956,
            "count": 2
        },
        "MyAgent.Policy.ExtrinsicReward.sum": {
            "value": 7.000001821666956,
            "min": -5.000500202178955,
            "max": 7.000001821666956,
            "count": 2
        },
        "MyAgent.IsTraining.mean": {
            "value": 1.0,
            "min": 1.0,
            "max": 1.0,
            "count": 4
        },
        "MyAgent.IsTraining.sum": {
            "value": 1.0,
            "min": 1.0,
            "max": 1.0,
            "count": 4
        },
        "MyAgent.Losses.PolicyLoss.mean": {
            "value": 0.03253054399344061,
            "min": 0.02639049744660345,
            "max": 0.03253054399344061,
            "count": 3
        },
        "MyAgent.Losses.PolicyLoss.sum": {
            "value": 0.03253054399344061,
            "min": 0.02639049744660345,
            "max": 0.057476808333982866,
            "count": 3
        },
        "MyAgent.Losses.ValueLoss.mean": {
            "value": 1.6282044264177482,
            "min": 0.14034693874418736,
            "max": 1.6282044264177482,
            "count": 3
        },
        "MyAgent.Losses.ValueLoss.sum": {
            "value": 1.6282044264177482,
            "min": 0.14034693874418736,
            "max": 1.6282044264177482,
            "count": 3
        },
        "MyAgent.Policy.LearningRate.mean": {
            "value": 6.551022448981e-05,
            "min": 6.551022448981e-05,
            "max": 6.563455436548001e-05,
            "count": 3
        },
        "MyAgent.Policy.LearningRate.sum": {
            "value": 6.551022448981e-05,
            "min": 6.551022448981e-05,
            "max": 0.00013114477885529,
            "count": 3
        },
        "MyAgent.Policy.Epsilon.mean": {
            "value": 0.132755095,
            "min": 0.132755095,
            "max": 0.13281726,
            "count": 3
        },
        "MyAgent.Policy.Epsilon.sum": {
            "value": 0.132755095,
            "min": 0.132755095,
            "max": 0.265572355,
            "count": 3
        },
        "MyAgent.Policy.Beta.mean": {
            "value": 6.895917100000001e-05,
            "min": 6.895917100000001e-05,
            "max": 6.907106800000002e-05,
            "count": 3
        },
        "MyAgent.Policy.Beta.sum": {
            "value": 6.895917100000001e-05,
            "min": 6.895917100000001e-05,
            "max": 0.000138030239,
            "count": 3
        }
    },
    "metadata": {
        "timer_format_version": "0.1.0",
        "start_time_seconds": "1770964880",
        "python_version": "3.8.0 (tags/v3.8.0:fa919fd, Oct 14 2019, 19:37:50) [MSC v.1916 64 bit (AMD64)]",
        "command_line_arguments": "G:\\unity_files\\Unity_ML_Agent\\venv\\Scripts\\mlagents-learn config\\config.yaml --run-id=drone4.3 --train --resume",
        "mlagents_version": "0.29.0",
        "mlagents_envs_version": "0.29.0",
        "communication_protocol_version": "1.5.0",
        "pytorch_version": "1.13.1+cpu",
        "numpy_version": "1.21.2",
        "end_time_seconds": "1770965049"
    },
    "total": 168.6015568,
    "count": 1,
    "self": 0.008705400000025065,
    "children": {
        "run_training.setup": {
            "total": 0.08802120000000002,
            "count": 1,
            "self": 0.08802120000000002
        },
        "TrainerController.start_learning": {
            "total": 168.5048302,
            "count": 1,
            "self": 0.4558204000013575,