{
    "name": "root",
    "gauges": {
        "DroneAgent.Policy.Entropy.mean": {
            "value": 1.2548694610595703,
            "min": 1.2548694610595703,
            "max": 1.2548694610595703,
            "count": 1
        },
        "DroneAgent.Policy.Entropy.sum": {
            "value": 2785.810302734375,
            "min": 2785.810302734375,
            "max": 2785.810302734375,
            "count": 1
        },
        "DroneAgent.Environment.LessonNumber.hover_height.mean": {
            "value": 0.0,
            "min": 0.0,
            "max": 0.0,
            "count": 1
        },
        "DroneAgent.Environment.LessonNumber.hover_height.sum": {
            "value": 0.0,
            "min": 0.0,
            "max": 0.0,
            "count": 1
        },
        "DroneAgent.Environment.LessonNumber.target_distance.mean": {
            "value": 3.0,
            "min": 3.0,
            "max": 3.0,
            "count": 1
        },
        "DroneAgent.Environment.LessonNumber.target_distance.sum": {
            "value": 3.0,
            "min": 3.0,
            "max": 3.0,
            "count": 1
        },
        "DroneAgent.Environment.LessonNumber.obstacle_count.mean": {
            "value": 4.0,
            "min": 4.0,
            "max": 4.0,
            "count": 1
        },
        "DroneAgent.Environment.LessonNumber.obstacle_count.sum": {
            "value": 4.0,
            "min": 4.0,
            "max": 4.0,
            "count": 1
        },
        "DroneAgent.Agent1.Stability.mean": {
            "value": 0.9321364807025525,
            "min": 0.9321364807025525,
            "max": 0.9321364807025525,
            "count": 1
        },
        "DroneAgent.Agent1.Stability.sum": {
            "value": 2007.821979433298,
            "min": 2007.821979433298,
            "max": 2007.821979433298,
            "count": 1
        },
        "DroneAgent.Agent1.HP.mean": {
            "value": 99.24294869326394,
            "min": 99.24294869326394,
            "max": 99.24294869326394,
            "count": 1
        },
        "DroneAgent.Agent1.HP.sum": {
            "value": 213769.31148529053,
            "min": 213769.31148529053,
            "max": 213769.31148529053,
            "count": 1
        },
        "DroneAgent.Agent1.VictimsFound.mean": {
            "value": 0.5705663881151346,
            "min": 0.5705663881151346,
            "max": 0.5705663881151346,
            "count": 1
        },
        "DroneAgent.Agent1.VictimsFound.sum": {
            "value": 1229.0,
            "min": 1229.0,
            "max": 1229.0,
            "count": 1
        },
        "DroneAgent.Team.ExploredCells.mean": {
            "value": 13.525224388734138,
            "min": 13.525224388734138,
            "max": 13.525224388734138,
            "count": 1
        },
        "DroneAgent.Team.ExploredCells.sum": {
            "value": 87400.0,
            "min": 87400.0,
            "max": 87400.0,
            "count": 1
        },
        "DroneAgent.Team.TotalVictims.mean": {
            "value": 2.1128133704735377,
            "min": 2.1128133704735377,
            "max": 2.1128133704735377,
            "count": 1
        },
        "DroneAgent.Team.TotalVictims.sum": {
            "value": 13653.0,
            "min": 13653.0,
            "max": 13653.0,
            "count": 1
        },
        "DroneAgent.Agent2.Stability.mean": {
            "value": 0.9529969686142471,
            "min": 0.9529969686142471,
            "max": 0.9529969686142471,
            "count": 1
        },
        "DroneAgent.Agent2.Stability.sum": {
            "value": 2052.755470395088,
            "min": 2052.755470395088,
            "max": 2052.755470395088,
            "count": 1
        },
        "DroneAgent.Agent2.HP.mean": {
            "value": 100.0,
            "min": 100.0,
            "max": 100.0,
            "count": 1
        },
        "DroneAgent.Agent2.HP.sum": {
            "value": 215400.0,
            "min": 215400.0,
            "max": 215400.0,
            "count": 1
        },
        "DroneAgent.Agent2.VictimsFound.mean": {
            "value": 0.7251624883936861,
            "min": 0.7251624883936861,
            "max": 0.7251624883936861,
            "count": 1
        },
        "DroneAgent.Agent2.VictimsFound.sum": {
            "value": 1562.0,
            "min": 1562.0,
            "max": 1562.0,
            "count": 1
        },
        "DroneAgent.Agent0.Stability.mean": {
            "value": 0.9329650791131908,
            "min": 0.9329650791131908,
            "max": 0.9329650791131908,
            "count": 1
        },
        "DroneAgent.Agent0.Stability.sum": {
            "value": 2009.606780409813,
            "min": 2009.606780409813,
            "max": 2009.606780409813,
            "count": 1
        },
        "DroneAgent.Agent0.HP.mean": {
            "value": 97.00485382859311,
            "min": 97.00485382859311,
            "max": 97.00485382859311,
            "count": 1
        },
        "DroneAgent.Agent0.HP.sum": {
            "value": 208948.45514678955,
            "min": 208948.45514678955,
            "max": 208948.45514678955,
            "count": 1
        },
        "DroneAgent.Agent0.VictimsFound.mean": {
            "value": 0.8170844939647168,
            "min": 0.8170844939647168,
            "max": 0.8170844939647168,
            "count": 1
        },
        "DroneAgent.Agent0.VictimsFound.sum": {
            "value": 1760.0,
            "min": 1760.0,
            "max": 1760.0,
            "count": 1
        },
        "DroneAgent.Environment.EpisodeLength.mean": {
            "value": 179.0,
            "min": 179.0,
            "max": 179.0,
            "count": 1
        },
        "DroneAgent.Environment.EpisodeLength.sum": {
            "value": 1790.0,
            "min": 1790.0,
            "max": 1790.0,
            "count": 1
        },
        "DroneAgent.Team.CompletionTime.mean": {
            "value": 205.0,
            "min": 205.0,
            "max": 205.0,
            "count": 1
        },
        "DroneAgent.Team.CompletionTime.sum": {
            "value": 2050.0,
            "min": 2050.0,
            "max": 2050.0,
            "count": 1
        },
        "DroneAgent.Agent1.PersonalFinds.mean": {
            "value": 2.2,
            "min": 2.2,
            "max": 2.2,
            "count": 1
        },
        "DroneAgent.Agent1.PersonalFinds.sum": {
            "value": 11.0,
            "min": 11.0,
            "max": 11.0,
            "count": 1
        },
        "DroneAgent.Step.mean": {
            "value": 7549961.0,
            "min": 7549961.0,
            "max": 7549961.0,
            "count": 1
        },
        "DroneAgent.Step.sum": {
            "value": 7549961.0,
            "min": 7549961.0,
            "max": 7549961.0,
            "count": 1
        },
        "DroneAgent.Policy.ExtrinsicValueEstimate.mean": {
            "value": 27.704538345336914,
            "min": 27.704538345336914,
            "max": 27.704538345336914,
            "count": 1
        },
        "DroneAgent.Policy.ExtrinsicValueEstimate.sum": {
            "value": 581.7952880859375,
            "min": 581.7952880859375,
            "max": 581.7952880859375,
            "count": 1
        },
        "DroneAgent.Policy.CuriosityValueEstimate.mean": {
            "value": 0.7950526475906372,
            "min": 0.7950526475906372,
            "max": 0.7950526475906372,
            "count": 1
        },
        "DroneAgent.Policy.CuriosityValueEstimate.sum": {
            "value": 16.69610595703125,
            "min": 16.69610595703125,
            "max": 16.69610595703125,
            "count": 1
        },