{
    "name": "root",
    "gauges": {
        "DroneAgent.Policy.Entropy.mean": {
            "value": 0.4316139817237854,
            "min": 0.43108028173446655,
            "max": 0.4317964017391205,
            "count": 43
        },
        "DroneAgent.Policy.Entropy.sum": {
            "value": 4317.0029296875,
            "min": 2188.47021484375,
            "max": 4343.853515625,
            "count": 43
        },
        "DroneAgent.Environment.EpisodeLength.mean": {
            "value": 526.2222222222222,
            "min": 128.75510204081633,
            "max": 4000.0,
            "count": 43
        },
        "DroneAgent.Environment.EpisodeLength.sum": {
            "value": 9472.0,
            "min": 4349.0,
            "max": 13628.0,
            "count": 43
        },
        "DroneAgent.EpisodeLength.mean": {
            "value": 451.9047619047619,
            "min": 124.66666666666667,
            "max": 4001.0,
            "count": 43
        },
        "DroneAgent.EpisodeLength.sum": {
            "value": 9490.0,
            "min": 4370.0,
            "max": 13637.0,
            "count": 43
        },
        "DroneAgent.TargetsFound.mean": {
            "value": 0.47619047619047616,
            "min": 0.19047619047619047,
            "max": 1.6666666666666667,
            "count": 43
        },
        "DroneAgent.TargetsFound.sum": {
            "value": 10.0,
            "min": 4.0,
            "max": 32.0,
            "count": 43
        },
        "DroneAgent.GroundCollision.mean": {
            "value": 0.0,
            "min": 0.0,
            "max": 0.0625,
            "count": 43
        },
        "DroneAgent.GroundCollision.sum": {
            "value": 0.0,
            "min": 0.0,
            "max": 1.0,
            "count": 43
        },
        "DroneAgent.PathEfficiency.mean": {
            "value": 3945.9889442835533,
            "min": 0.28075315554936725,
            "max": 6036.528922842608,
            "count": 43
        },
        "DroneAgent.PathEfficiency.sum": {
            "value": 82865.76782995462,
            "min": 0.8422594666481018,
            "max": 86560.652115345,
            "count": 43
        },
        "DroneAgent.FinalReward.mean": {
            "value": -0.7142857142857143,
            "min": -1.1111111111111112,
            "max": 0.0,
            "count": 43
        },
        "DroneAgent.FinalReward.sum": {
            "value": -15.0,
            "min": -15.0,
            "max": 0.0,
            "count": 43
        },
        "DroneAgent.AngleStability.mean": {
            "value": 0.9190866542694819,
            "min": 0.8583356076725545,
            "max": 0.9507688823739329,
            "count": 43
        },
        "DroneAgent.AngleStability.sum": {
            "value": 9188.10928273201,
            "min": 4536.365646779537,
            "max": 9463.953455150127,
            "count": 43
        },
        "DroneAgent.Environment.LessonNumber.target_distance.mean": {
            "value": 2.0,
            "min": 2.0,
            "max": 2.0,
            "count": 43
        },
        "DroneAgent.Environment.LessonNumber.target_distance.sum": {
            "value": 2.0,
            "min": 2.0,
            "max": 2.0,
            "count": 43
        },
        "DroneAgent.Environment.LessonNumber.obstacle_count.mean": {
            "value": 2.0,
            "min": 2.0,
            "max": 2.0,
            "count": 43
        },
        "DroneAgent.Environment.LessonNumber.obstacle_count.sum": {
            "value": 2.0,
            "min": 2.0,
            "max": 2.0,
            "count": 43
        },
        "DroneAgent.Step.mean": {
            "value": 9999978.0,
            "min": 9579974.0,
            "max": 9999978.0,
            "count": 43
        },
        "DroneAgent.Step.sum": {
            "value": 9999978.0,
            "min": 9579974.0,
            "max": 9999978.0,
            "count": 43
        },
        "DroneAgent.Policy.ExtrinsicValueEstimate.mean": {
            "value": 0.4242662489414215,
            "min": 0.19998498260974884,
            "max": 0.8447360992431641,
            "count": 43
        },
        "DroneAgent.Policy.ExtrinsicValueEstimate.sum": {
            "value": 72.54953002929688,
            "min": 19.198558807373047,
            "max": 135.15777587890625,
            "count": 43
        },
        "DroneAgent.Environment.CumulativeReward.mean": {
            "value": 1.0706469344182148,
            "min": -1.318720718431804,
            "max": 35.611072259644665,
            "count": 43
        },
        "DroneAgent.Environment.CumulativeReward.sum": {
            "value": 19.271644819527864,
            "min": -35.605459397658706,
            "max": 126.82784520275891,
            "count": 43
        },
        "DroneAgent.Policy.ExtrinsicReward.mean": {
            "value": 1.0706469344182148,
            "min": -1.318720718431804,
            "max": 35.611072259644665,
            "count": 43
        },
        "DroneAgent.Policy.ExtrinsicReward.sum": {
            "value": 19.271644819527864,
            "min": -35.605459397658706,
            "max": 126.82784520275891,
            "count": 43
        },
        "DroneAgent.Losses.PolicyLoss.mean": {
            "value": 0.1529478725214075,
            "min": 0.14775426712973663,
            "max": 0.24523268969884762,
            "count": 43
        },
        "DroneAgent.Losses.PolicyLoss.sum": {
            "value": 0.45884361756422254,
            "min": 0.20529442607949022,
            "max": 0.6389984616253059,
            "count": 43
        },
        "DroneAgent.Losses.ValueLoss.mean": {
            "value": 0.2347670648402224,
            "min": 0.1194253908470273,
            "max": 0.9450445601250976,
            "count": 43
        },
        "DroneAgent.Losses.ValueLoss.sum": {
            "value": 0.7043011945206672,
            "min": 0.2388507816940546,
            "max": 2.650339157941441,
            "count": 43
        },
        "DroneAgent.Policy.LearningRate.mean": {
            "value": 2.785832776366718e-07,
            "min": 2.785832776366718e-07,
            "max": 2.1085745782870012e-05,
            "count": 43
        },
        "DroneAgent.Policy.LearningRate.sum": {
            "value": 8.357498329100154e-07,
            "min": 8.357498329100154e-07,
            "max": 6.209868758031999e-05,
            "count": 43
        },
        "DroneAgent.Policy.Epsilon.mean": {
            "value": 0.10002784833333334,
            "min": 0.10002784833333334,
            "max": 0.10210856500000003,
            "count": 43
        },
        "DroneAgent.Policy.Epsilon.sum": {
            "value": 0.300083545,
            "min": 0.10210856500000003,
            "max": 0.30620984,
            "count": 43
        },
        "DroneAgent.Policy.Beta.mean": {
            "value": 1.0050127000000001e-05,
            "min": 1.0050127000000001e-05,
            "max": 1.3795417000000005e-05,
            "count": 43
        },
        "DroneAgent.Policy.Beta.sum": {
            "value": 3.0150381000000003e-05,
            "min": 1.3795417000000005e-05,
            "max": 4.1177712e-05,
            "count": 43
        },
        "DroneAgent.IsTraining.mean": {
            "value": 1.0,
            "min": 1.0,
            "max": 1.0,
            "count": 43
        },
        "DroneAgent.IsTraining.sum": {
            "value": 1.0,
            "min": 1.0,
            "max": 1.0,
            "count": 43
        },
        "DroneAgent.Efficiency.mean": {
            "value": 0.8460410237312317,
            "min": 0.6442280411720276,
            "max": 1.2242622375488281,
            "count": 3
        },