{
    "name": "root",
    "gauges": {
        "MyAgent.Policy.Entropy.mean": {
            "value": 1.132791519165039,
            "min": 1.132791519165039,
            "max": 1.27041757106781,
            "count": 596
        },
        "MyAgent.Policy.Entropy.sum": {
            "value": 5684.34765625,
            "min": 2040.7254638671875,
            "max": 6402.3935546875,
            "count": 596
        },
        "MyAgent.AngleStability.mean": {
            "value": 0.8790747944116355,
            "min": 0.867839937880964,
            "max": 0.9868195741198574,
            "count": 596
        },
        "MyAgent.AngleStability.sum": {
            "value": 4410.318243563175,
            "min": 1449.9252150654793,
            "max": 4945.602163434029,
            "count": 596
        },
        "MyAgent.GroundCollision.mean": {
            "value": 0.08451265696631453,
            "min": 0.0,
            "max": 1.0,
            "count": 596
        },
        "MyAgent.GroundCollision.sum": {
            "value": 424.0,
            "min": 0.0,
            "max": 4992.0,
            "count": 596
        },
        "MyAgent.Reward.mean": {
            "value": 15.462425034123553,
            "min": -1.5201530595569728,
            "max": 58.00489243299146,
            "count": 596
        },
        "MyAgent.Reward.sum": {
            "value": 77574.98639619787,
            "min": -7588.604073308408,
            "max": 293272.73614120483,
            "count": 596
        },
        "MyAgent.TargetsFound.mean": {
            "value": 1.1586357326987904,
            "min": 0.0,
            "max": 4.0,
            "count": 596
        },
        "MyAgent.TargetsFound.sum": {
            "value": 5843.0,
            "min": 0.0,
            "max": 20224.0,
            "count": 596
        },
        "MyAgent.Environment.EpisodeLength.mean": {
            "value": 194.46153846153845,
            "min": 56.392857142857146,
            "max": 10000.0,
            "count": 556
        },
        "MyAgent.Environment.EpisodeLength.sum": {
            "value": 5056.0,
            "min": 215.0,
            "max": 14358.0,
            "count": 556
        },
        "MyAgent.EpisodeLength.mean": {
            "value": 195.46153846153845,
            "min": 57.392857142857146,
            "max": 10001.0,
            "count": 556
        },
        "MyAgent.EpisodeLength.sum": {
            "value": 5082.0,
            "min": 216.0,
            "max": 14397.0,
            "count": 556
        },
        "MyAgent.PathEfficiency.mean": {
            "value": 8.012963644587076,
            "min": 0.08437851071357727,
            "max": 1339.8600559946562,
            "count": 556
        },
        "MyAgent.PathEfficiency.sum": {
            "value": 208.337054759264,
            "min": 0.08437851071357727,
            "max": 38616.923113334924,
            "count": 556
        },
        "MyAgent.Step.mean": {
            "value": 2984962.0,
            "min": 9971.0,
            "max": 2984962.0,
            "count": 596
        },
        "MyAgent.Step.sum": {
            "value": 2984962.0,
            "min": 9971.0,
            "max": 2984962.0,
            "count": 596
        },
        "MyAgent.Policy.ExtrinsicValueEstimate.mean": {
            "value": 5.2477641105651855,
            "min": -0.2924861013889313,
            "max": 6.719794273376465,
            "count": 596
        },
        "MyAgent.Policy.ExtrinsicValueEstimate.sum": {
            "value": 488.04205322265625,
            "min": -22.813915252685547,
            "max": 719.0180053710938,
            "count": 596
        },
        "MyAgent.Environment.CumulativeReward.mean": {
            "value": 25.975244658211103,
            "min": 2.801556607882958,
            "max": 54.89200455322862,
            "count": 556
        },
        "MyAgent.Environment.CumulativeReward.sum": {
            "value": 675.3563611134887,
            "min": 8.673210557550192,
            "max": 993.2461272031069,
            "count": 556
        },
        "MyAgent.Policy.ExtrinsicReward.mean": {
            "value": 25.975244658211103,
            "min": 2.801556607882958,
            "max": 54.89200455322862,
            "count": 556
        },
        "MyAgent.Policy.ExtrinsicReward.sum": {
            "value": 675.3563611134887,
            "min": 8.673210557550192,
            "max": 993.2461272031069,
            "count": 556
        },
        "MyAgent.IsTraining.mean": {
            "value": 1.0,
            "min": 1.0,
            "max": 1.0,
            "count": 596
        },
        "MyAgent.IsTraining.sum": {
            "value": 1.0,
            "min": 1.0,
            "max": 1.0,
            "count": 596
        },
        "MyAgent.Losses.PolicyLoss.mean": {
            "value": 0.03843559471230643,
            "min": 0.019223681549192406,
            "max": 0.05052285885903984,
            "count": 595
        },
        "MyAgent.Losses.PolicyLoss.sum": {
            "value": 0.03843559471230643,
            "min": 0.019223681549192406,
            "max": 0.08471949277251649,
            "count": 595
        },
        "MyAgent.Losses.ValueLoss.mean": {
            "value": 5.864519834518433,
            "min": 0.03684011450968683,
            "max": 26.404335737228394,
            "count": 595
        },
        "MyAgent.Losses.ValueLoss.sum": {
            "value": 5.864519834518433,
            "min": 0.03684011450968683,
            "max": 37.92980901400248,
            "count": 595
        },
        "MyAgent.Policy.LearningRate.mean": {
            "value": 7.018677981324999e-05,
            "min": 7.018677981324999e-05,
            "max": 9.987468012532001e-05,
            "count": 595
        },
        "MyAgent.Policy.LearningRate.sum": {
            "value": 7.018677981324999e-05,
            "min": 7.018677981324999e-05,
            "max": 0.00019954251045749,
            "count": 595
        },
        "MyAgent.Policy.Epsilon.mean": {
            "value": 0.135093375,
            "min": 0.135093375,
            "max": 0.14993734,
            "count": 595
        },
        "MyAgent.Policy.Epsilon.sum": {
            "value": 0.135093375,
            "min": 0.135093375,
            "max": 0.29977125499999996,
            "count": 595
        },
        "MyAgent.Policy.Beta.mean": {
            "value": 7.3168075e-05,
            "min": 7.3168075e-05,
            "max": 9.988721200000001e-05,
            "count": 595
        },
        "MyAgent.Policy.Beta.sum": {
            "value": 7.3168075e-05,
            "min": 7.3168075e-05,
            "max": 0.000199588259,
            "count": 595
        },
        "MyAgent.Efficiency.mean": {
            "value": 0.6675997376441956,
            "min": 0.15289106965065002,
            "max": 1.666916012763977,
            "count": 201
        },
        "MyAgent.Efficiency.sum": {
            "value": 0.6675997376441956,
            "min": 0.15289106965065002,
            "max": 3.0733140110969543,
            "count": 201
        }
    },
    "metadata": {
        "timer_format_version": "0.1.0",
        "start_time_seconds": "1771065590",
        "python_version": "3.8.0 (tags/v3.8.0:fa919fd, Oct 14 2019, 19:37:50) [MSC v.1916 64 bit (AMD64)]",
        "command_line_arguments": "G:\\unity_files\\Unity_ML_Agent\\venv\\Scripts\\mlagents-learn config\\config.yaml --run-id=drone5.2 --env=G:\\unity_files\\thesis-1\\build\\thesis-1.exe --no-graphics --train --resume",
        "mlagents_version": "0.29.0",
        "mlagents_envs_version": "0.29.0",
        "communication_protocol_version": "1.5.0",
        "pytorch_version": "1.13.1+cpu",
        "numpy_version": "1.21.2",